<launch>

  <!-- OMPL Plugin for MoveIt! -->
  <arg name="planning_plugin" value="ompl_interface/OMPLPlanner" />
  <arg name="prefix" default=""/>

  <!-- The request adapters (plugins) used when planning with OMPL.
       ORDER MATTERS -->
  <arg name="planning_adapters" value="default_planner_request_adapters/AddIterativeSplineParameterization
				       default_planner_request_adapters/FixWorkspaceBounds
				       default_planner_request_adapters/FixStartStateBounds
				       default_planner_request_adapters/FixStartStateCollision
				       default_planner_request_adapters/FixStartStatePathConstraints" />

  <arg name="start_state_max_bounds_error" value="0.1" />

  <param name="planning_plugin" value="$(arg planning_plugin)" />
  <param name="request_adapters" value="$(arg planning_adapters)" />
  <param name="start_state_max_bounds_error" value="$(arg start_state_max_bounds_error)" />

  <rosparam command="load" file="$(find gen3_robotiq_2f_140_move_it_config)/config/ompl_planning.yaml" subst_value="true"/>

</launch>
